-- phpMyAdmin SQL Dump
-- version 4.7.4
-- https://www.phpmyadmin.net/
--
-- Host: 127.0.0.1:3306
-- Generation Time: Apr 24, 2018 at 10:06 AM
-- Server version: 5.7.19
-- PHP Version: 5.6.31

SET SQL_MODE = "NO_AUTO_VALUE_ON_ZERO";
SET AUTOCOMMIT = 0;
START TRANSACTION;
SET time_zone = "+00:00";


/*!40101 SET @OLD_CHARACTER_SET_CLIENT=@@CHARACTER_SET_CLIENT */;
/*!40101 SET @OLD_CHARACTER_SET_RESULTS=@@CHARACTER_SET_RESULTS */;
/*!40101 SET @OLD_COLLATION_CONNECTION=@@COLLATION_CONNECTION */;
/*!40101 SET NAMES utf8mb4 */;

--
-- Database: `db_penjualankredit`
--

-- --------------------------------------------------------

--
-- Table structure for table `control`
--

DROP TABLE IF EXISTS `control`;
CREATE TABLE IF NOT EXISTS `control` (
  `id_control` int(5) NOT NULL AUTO_INCREMENT,
  `limit_blacklist` int(11) DEFAULT NULL,
  PRIMARY KEY (`id_control`)
) ENGINE=InnoDB AUTO_INCREMENT=2 DEFAULT CHARSET=latin1;

--
-- Dumping data for table `control`
--

INSERT INTO `control` (`id_control`, `limit_blacklist`) VALUES
(1, 3);

-- --------------------------------------------------------

--
-- Table structure for table `depkolektor`
--

DROP TABLE IF EXISTS `depkolektor`;
CREATE TABLE IF NOT EXISTS `depkolektor` (
  `id_depkolektor` int(11) NOT NULL AUTO_INCREMENT,
  `nama` varchar(100) DEFAULT NULL,
  PRIMARY KEY (`id_depkolektor`)
) ENGINE=InnoDB AUTO_INCREMENT=3 DEFAULT CHARSET=latin1;

--
-- Dumping data for table `depkolektor`
--

INSERT INTO `depkolektor` (`id_depkolektor`, `nama`) VALUES
(1, 'Joni'),
(2, 'Johansss');

-- --------------------------------------------------------

--
-- Table structure for table `detail_kredit`
--

DROP TABLE IF EXISTS `detail_kredit`;
CREATE TABLE IF NOT EXISTS `detail_kredit` (
  `id_detail_k` int(11) NOT NULL AUTO_INCREMENT,
  `id_penjualan_m` int(11) DEFAULT NULL,
  `id_pelanggan` int(11) DEFAULT NULL,
  `id_depkolektor` int(11) DEFAULT NULL,
  `tgl_bayar` date DEFAULT NULL,
  `angsuran` varchar(10) DEFAULT NULL,
  `total_bayar` int(11) DEFAULT NULL,
  `dibayar` int(11) DEFAULT NULL,
  `status_angsuran` varchar(15) DEFAULT NULL,
  `tgl_tempo` date DEFAULT NULL,
  `sisa` int(11) DEFAULT '0',
  PRIMARY KEY (`id_detail_k`)
) ENGINE=InnoDB AUTO_INCREMENT=193 DEFAULT CHARSET=latin1;

--
-- Dumping data for table `detail_kredit`
--

INSERT INTO `detail_kredit` (`id_detail_k`, `id_penjualan_m`, `id_pelanggan`, `id_depkolektor`, `tgl_bayar`, `angsuran`, `total_bayar`, `dibayar`, `status_angsuran`, `tgl_tempo`, `sisa`) VALUES
(181, 122, 7, 2, '2017-10-27', 'Ke-1', 233333, 233333, 'lunas', '2017-11-27', 0),
(182, 122, 7, 2, '0000-00-00', 'Ke-2', 233333, 0, 'belum lunas', '2017-12-27', 0),
(183, 122, 7, 2, '0000-00-00', 'Ke-3', 233333, 0, 'belum lunas', '2018-01-27', 0),
(184, 122, 7, 2, '0000-00-00', 'Ke-4', 233333, 0, 'belum lunas', '2018-02-27', 0),
(185, 122, 7, 2, '0000-00-00', 'Ke-5', 233333, 0, 'belum lunas', '2018-03-27', 0),
(186, 122, 7, 2, '0000-00-00', 'Ke-6', 233333, 0, 'belum lunas', '2018-04-27', 0),
(187, 122, 7, 2, '0000-00-00', 'Ke-7', 233333, 0, 'belum lunas', '2018-05-27', 0),
(188, 122, 7, 2, '0000-00-00', 'Ke-8', 233333, 0, 'belum lunas', '2018-06-27', 0),
(189, 122, 7, 2, '0000-00-00', 'Ke-9', 233333, 0, 'belum lunas', '2018-07-27', 0),
(190, 122, 7, 2, '0000-00-00', 'Ke-10', 233333, 0, 'belum lunas', '2018-08-27', 0),
(191, 122, 7, 2, '0000-00-00', 'Ke-11', 233333, 0, 'belum lunas', '2018-09-27', 0),
(192, 122, 7, 2, '0000-00-00', 'Ke-12', 233333, 0, 'belum lunas', '2018-10-27', 0);

-- --------------------------------------------------------

--
-- Table structure for table `kredit`
--

DROP TABLE IF EXISTS `kredit`;
CREATE TABLE IF NOT EXISTS `kredit` (
  `id_kredit` int(11) NOT NULL AUTO_INCREMENT,
  `id_penjualan_m` int(11) DEFAULT NULL,
  `id_depkolektor` int(11) DEFAULT NULL,
  `id_pelanggan` int(11) DEFAULT NULL,
  `jumlah_bayar` int(11) DEFAULT NULL,
  `lama_kredit` int(3) DEFAULT NULL,
  `tgl_kredit` date DEFAULT NULL,
  `ht` varchar(20) DEFAULT NULL,
  `um` varchar(20) DEFAULT NULL,
  `ss` varchar(20) DEFAULT NULL,
  `cc` varchar(20) DEFAULT NULL,
  `ja` varchar(20) DEFAULT NULL,
  `tgl_penjualan` varchar(50) DEFAULT NULL,
  PRIMARY KEY (`id_kredit`)
) ENGINE=InnoDB AUTO_INCREMENT=30 DEFAULT CHARSET=latin1;

--
-- Dumping data for table `kredit`
--

INSERT INTO `kredit` (`id_kredit`, `id_penjualan_m`, `id_depkolektor`, `id_pelanggan`, `jumlah_bayar`, `lama_kredit`, `tgl_kredit`, `ht`, `um`, `ss`, `cc`, `ja`, `tgl_penjualan`) VALUES
(29, 122, 2, 7, 2800000, 12, '2017-10-27', '865674', '7563456', '867633', '2235', '456435', '2017-09-20 16:52:57');

-- --------------------------------------------------------

--
-- Table structure for table `labarugi`
--

DROP TABLE IF EXISTS `labarugi`;
CREATE TABLE IF NOT EXISTS `labarugi` (
  `id_labarugi` int(11) NOT NULL AUTO_INCREMENT,
  `penjualan` int(11) DEFAULT NULL,
  `diskon` int(11) DEFAULT NULL,
  `retur` int(11) DEFAULT NULL,
  `pendapatan_lain` int(11) DEFAULT NULL,
  `hpp` int(11) DEFAULT NULL,
  `gaji_pegawai` int(11) DEFAULT NULL,
  `listrik` int(11) DEFAULT NULL,
  `telpon_internet` int(11) DEFAULT NULL,
  `perlengkapan` int(11) DEFAULT NULL,
  `biaya_penyusutan` int(11) DEFAULT NULL,
  `transportasi` int(11) DEFAULT NULL,
  `biaya_tak_terduga` int(11) DEFAULT NULL,
  `tgl` date DEFAULT NULL,
  PRIMARY KEY (`id_labarugi`)
) ENGINE=InnoDB AUTO_INCREMENT=4 DEFAULT CHARSET=latin1;

--
-- Dumping data for table `labarugi`
--

INSERT INTO `labarugi` (`id_labarugi`, `penjualan`, `diskon`, `retur`, `pendapatan_lain`, `hpp`, `gaji_pegawai`, `listrik`, `telpon_internet`, `perlengkapan`, `biaya_penyusutan`, `transportasi`, `biaya_tak_terduga`, `tgl`) VALUES
(1, 300000000, 50000000, 50000000, 150000000, 150000000, 35000000, 10000000, 10000000, 7000000, 20000000, 15000000, 5000000, '2017-10-05'),
(2, 40000000, 3000000, 200000, 12000000, 1000000, 36000000, 5000000, 5000000, 10000000, 2000000, 1000000, 1000000, '2017-10-05'),
(3, 40000000, 3000000, 200000, 12000000, 1000000, 36000000, 5000000, 5000000, 10000000, 2000000, 1000000, 1000000, '2017-10-05');

-- --------------------------------------------------------

--
-- Table structure for table `pj_akses`
--

DROP TABLE IF EXISTS `pj_akses`;
CREATE TABLE IF NOT EXISTS `pj_akses` (
  `id_akses` tinyint(1) UNSIGNED NOT NULL AUTO_INCREMENT,
  `label` varchar(10) NOT NULL,
  `level_akses` varchar(15) NOT NULL,
  PRIMARY KEY (`id_akses`)
) ENGINE=MyISAM AUTO_INCREMENT=5 DEFAULT CHARSET=latin1;

--
-- Dumping data for table `pj_akses`
--

INSERT INTO `pj_akses` (`id_akses`, `label`, `level_akses`) VALUES
(1, 'admin', 'Administrator'),
(2, 'kasir', 'Staff Kasir'),
(3, 'inventory', 'Staff Inventory'),
(4, 'keuangan', 'Staff Keuangan');

-- --------------------------------------------------------

--
-- Table structure for table `pj_barang`
--

DROP TABLE IF EXISTS `pj_barang`;
CREATE TABLE IF NOT EXISTS `pj_barang` (
  `id_barang` int(1) UNSIGNED NOT NULL AUTO_INCREMENT,
  `kode_barang` varchar(40) NOT NULL,
  `nama_barang` varchar(60) NOT NULL,
  `total_stok` mediumint(1) UNSIGNED NOT NULL,
  `size` varchar(10) DEFAULT NULL,
  `harga` decimal(10,0) NOT NULL,
  `id_kategori_barang` mediumint(1) UNSIGNED NOT NULL,
  `id_merk_barang` mediumint(1) UNSIGNED DEFAULT NULL,
  `keterangan` text NOT NULL,
  `id_supplier` int(5) DEFAULT NULL,
  `dihapus` enum('tidak','ya') NOT NULL,
  PRIMARY KEY (`id_barang`)
) ENGINE=MyISAM AUTO_INCREMENT=46 DEFAULT CHARSET=latin1;

--
-- Dumping data for table `pj_barang`
--

INSERT INTO `pj_barang` (`id_barang`, `kode_barang`, `nama_barang`, `total_stok`, `size`, `harga`, `id_kategori_barang`, `id_merk_barang`, `keterangan`, `id_supplier`, `dihapus`) VALUES
(1, '0001', 'Nike Sport C993', 0, 'M', '400000', 3, 2, '', 1, 'tidak'),
(2, '0002', 'Runme Everynight Y98', 4, 'L', '120000', 3, 6, '', NULL, 'tidak'),
(3, '0003', 'My Lovely Bag 877', 0, 'S', '350000', 2, 3, '', NULL, 'tidak'),
(4, '0004', 'Quick Silver Gaul', 0, 'M', '35000', 3, 5, '', NULL, 'tidak'),
(5, '0005', 'My Cool Shoes', 0, 'XL', '550000', 1, 2, '', NULL, 'tidak'),
(6, '3453453', 'Testing', 45, 'M', '929992', 1, 6, '', NULL, 'ya'),
(7, '9982429', 'Tes ada', 67, 'M', '600000', 3, 3, '', NULL, 'ya'),
(8, '8787829', 'Yes desk', 88, 'M', '999999', 1, 3, '', NULL, 'ya'),
(9, '0009', 'Test', 18, 'M', '100000', 3, 1, '', NULL, 'ya'),
(10, '99989', 'Test', 9, 'M', '99', 1, 2, '', NULL, 'ya'),
(11, '00010', 'Rinso', 0, 'M', '30000', 3, 3, '', NULL, 'tidak'),
(12, '00011', 'mouse', 0, 'M', '20000', 3, 1, '', NULL, 'tidak'),
(13, '00012', 'Soklin Lantai', 0, 'X', '3000', 3, 1, '', NULL, 'tidak'),
(14, '00013', 'Beras Merah', 13, 'M', '2000', 3, 2, '', NULL, 'tidak'),
(20, '76878', 'yyyy', 12, 'S', '9000', 4, 10, '', NULL, 'ya'),
(23, '864437', 'ALL Start', 886, 'M', '20000', 3, 3, '', NULL, 'tidak'),
(21, '5533', 'XVF', 12, 'AS', '4565', 2, 3, '[removed]alert&amp;#40;&#039;wkwkwk&#039;&amp;#41;;[removed]', NULL, 'ya'),
(22, '8898', 'HJH', 12, 'S', '5600', 4, 3, '', NULL, 'ya'),
(24, '6364573', 'Jeans', 22, 'M', '230000', 4, 4, '-', NULL, 'ya'),
(25, '2', 'dfdsfds', 2, '3', '10444', 3, 3, 'terr', NULL, 'ya'),
(26, '00014', 'nike sport c9931', 1274, '1912', '120000', 3, 3, 'kekek', NULL, 'ya'),
(27, '1111', '12123', 111, '123', '1123', 3, 3, '123123', NULL, 'ya'),
(28, '1132', 'Kaos THX', 12, 'L', '150000', 3, 1, '', NULL, 'ya'),
(29, '1000', 'Kandang Kuda', 12, '12', '125000', 4, 3, '', NULL, 'ya'),
(30, '14042017', 'Mari Juanan', 6, '', '60000', 11, 18, 'Barang bagus', NULL, 'tidak'),
(31, 'ioio1', 'oioi1', 8, 'ioi', '10000', 11, NULL, 'oioio', NULL, 'ya'),
(32, '1', '1', 113, '1', '123123', 11, 18, '123', NULL, 'ya'),
(33, '2', '1', 12, '12', '12999', 4, 4, '12', NULL, 'ya'),
(34, 'A0076', 'Sweater', 46, 'M', '1040000', 3, 10, 'Best seller', NULL, 'ya'),
(35, '111', 'wqwq', 121, '1212', '12121', 3, 1, '2121', NULL, 'ya'),
(36, 'a12354', 'aaa', 98, '89', '1500000', 3, 2, 'saaaaa', NULL, 'ya'),
(37, 'dslslsp4', 'spspslps', 63, '78', '369888', 3, 1, 'sls', NULL, 'ya'),
(38, 'gsggsgs2', 'ssss', 3333, '89', '22222', 4, 18, 'sssss', NULL, 'ya'),
(39, 'a412', 'adg', 4, 'm', '550000', 3, 3, 'KW 1', NULL, 'ya'),
(40, '111111111', 'asd', 1, '12', '1000', 3, 3, '1', NULL, 'ya'),
(41, '000004', 'asdasd', 2, 'xl', '10000', 3, 3, '', NULL, 'ya'),
(42, '1', 'abc', 1, '150', '1966', 9, 1, 'ok', NULL, 'tidak'),
(43, '002222', 'Sabun LUX', 50, '20', '20000', 8, 1, 'dfgdfg', NULL, 'tidak'),
(44, 'AC52535', 'Air Conditioner', 0, 'tidak ada', '2000000', 9, 23, '-', NULL, 'tidak'),
(45, '634635', 'sdf', 2, 'M', '10000', 3, 1, '', 2, 'tidak');

-- --------------------------------------------------------

--
-- Table structure for table `pj_ci_sessions`
--

DROP TABLE IF EXISTS `pj_ci_sessions`;
CREATE TABLE IF NOT EXISTS `pj_ci_sessions` (
  `id` varchar(40) NOT NULL,
  `ip_address` varchar(45) NOT NULL,
  `timestamp` int(10) UNSIGNED NOT NULL DEFAULT '0',
  `data` blob NOT NULL,
  KEY `ci_sessions_timestamp` (`timestamp`)
) ENGINE=InnoDB DEFAULT CHARSET=latin1;

--
-- Dumping data for table `pj_ci_sessions`
--

INSERT INTO `pj_ci_sessions` (`id`, `ip_address`, `timestamp`, `data`) VALUES
('21b61b12f955b1c5a46407e1fa0a0b80802332ea', '::1', 1507788632, 0x5f5f63695f6c6173745f726567656e65726174657c693a313530373738383530313b),
('acab530050ba928da29ffb33b7804970e93f700d', '::1', 1507789145, 0x5f5f63695f6c6173745f726567656e65726174657c693a313530373738383930323b),
('2a99e2f0ce45222552567752fcde8f6aeb911bcb', '::1', 1507789450, 0x5f5f63695f6c6173745f726567656e65726174657c693a313530373738393231353b),
('87113e58a4187ca29f26fa5a083ab186f6e6ec45', '::1', 1507789843, 0x5f5f63695f6c6173745f726567656e65726174657c693a313530373738393637353b),
('6fc03267421c5f95586cf5dfe78870e1dc48f3a3', '::1', 1507790105, 0x5f5f63695f6c6173745f726567656e65726174657c693a313530373739303030343b),
('e89535c0a2f4a26693e885df7ce0eb740d35e1ab', '::1', 1507790673, 0x5f5f63695f6c6173745f726567656e65726174657c693a313530373739303337353b61705f69645f757365727c733a313a2239223b61705f70617373776f72647c733a34303a2239376333353837323866376639343763396132373962613962653838333038333935633763633361223b61705f6e616d617c733a343a226a6f6b6f223b61705f6c6576656c7c733a353a2261646d696e223b61705f6c6576656c5f63617074696f6e7c733a31333a2241646d696e6973747261746f72223b),
('21dafae8560ef5915112c0fcd941957dc01ae777', '::1', 1507790842, 0x5f5f63695f6c6173745f726567656e65726174657c693a313530373739303637363b61705f69645f757365727c733a313a2239223b61705f70617373776f72647c733a34303a2239376333353837323866376639343763396132373962613962653838333038333935633763633361223b61705f6e616d617c733a343a226a6f6b6f223b61705f6c6576656c7c733a353a2261646d696e223b61705f6c6576656c5f63617074696f6e7c733a31333a2241646d696e6973747261746f72223b),
('61a855900e2c02c78979dd2b2af8249d447234f5', '::1', 1507791544, 0x5f5f63695f6c6173745f726567656e65726174657c693a313530373739313336383b61705f69645f757365727c733a313a2239223b61705f70617373776f72647c733a34303a2239376333353837323866376639343763396132373962613962653838333038333935633763633361223b61705f6e616d617c733a343a226a6f6b6f223b61705f6c6576656c7c733a353a2261646d696e223b61705f6c6576656c5f63617074696f6e7c733a31333a2241646d696e6973747261746f72223b),
('6abacdd28299f35f27fa2ceea582a019cfe4e1b3', '::1', 1510556438, 0x5f5f63695f6c6173745f726567656e65726174657c693a313531303535363432373b61705f69645f757365727c733a313a2239223b61705f70617373776f72647c733a34303a2239376333353837323866376639343763396132373962613962653838333038333935633763633361223b61705f6e616d617c733a343a226a6f6b6f223b61705f6c6576656c7c733a353a2261646d696e223b61705f6c6576656c5f63617074696f6e7c733a31333a2241646d696e6973747261746f72223b),
('8a2682a269297fff168861ec020b8eeb71ac954b', '::1', 1510561135, 0x5f5f63695f6c6173745f726567656e65726174657c693a313531303536313133323b61705f69645f757365727c733a313a2239223b61705f70617373776f72647c733a34303a2239376333353837323866376639343763396132373962613962653838333038333935633763633361223b61705f6e616d617c733a343a226a6f6b6f223b61705f6c6576656c7c733a353a2261646d696e223b61705f6c6576656c5f63617074696f6e7c733a31333a2241646d696e6973747261746f72223b6d6573736167657c733a32313a2244656c657465205265636f72642053756363657373223b5f5f63695f766172737c613a313a7b733a373a226d657373616765223b733a333a226f6c64223b7d),
('aa1f6312c437c8654456941c8259a628d250bab0', '::1', 1510561642, 0x5f5f63695f6c6173745f726567656e65726174657c693a313531303536313433353b61705f69645f757365727c733a313a2239223b61705f70617373776f72647c733a34303a2239376333353837323866376639343763396132373962613962653838333038333935633763633361223b61705f6e616d617c733a343a226a6f6b6f223b61705f6c6576656c7c733a353a2261646d696e223b61705f6c6576656c5f63617074696f6e7c733a31333a2241646d696e6973747261746f72223b),
('c87c57bea14af6b91f818dd1c5fd97de352a9ef6', '::1', 1510562126, 0x5f5f63695f6c6173745f726567656e65726174657c693a313531303536313735383b61705f69645f757365727c733a313a2239223b61705f70617373776f72647c733a34303a2239376333353837323866376639343763396132373962613962653838333038333935633763633361223b61705f6e616d617c733a343a226a6f6b6f223b61705f6c6576656c7c733a353a2261646d696e223b61705f6c6576656c5f63617074696f6e7c733a31333a2241646d696e6973747261746f72223b),
('c7d7adf53cbef4368b8dc59daf85d4facbd2a337', '::1', 1510562438, 0x5f5f63695f6c6173745f726567656e65726174657c693a313531303536323133363b61705f69645f757365727c733a313a2239223b61705f70617373776f72647c733a34303a2239376333353837323866376639343763396132373962613962653838333038333935633763633361223b61705f6e616d617c733a343a226a6f6b6f223b61705f6c6576656c7c733a353a2261646d696e223b61705f6c6576656c5f63617074696f6e7c733a31333a2241646d696e6973747261746f72223b),
('8c852746c70487ee8c1e39046e66b9d2d3f78da2', '::1', 1510562720, 0x5f5f63695f6c6173745f726567656e65726174657c693a313531303536323434333b61705f69645f757365727c733a313a2239223b61705f70617373776f72647c733a34303a2239376333353837323866376639343763396132373962613962653838333038333935633763633361223b61705f6e616d617c733a343a226a6f6b6f223b61705f6c6576656c7c733a353a2261646d696e223b61705f6c6576656c5f63617074696f6e7c733a31333a2241646d696e6973747261746f72223b),
('c6778d3de1558776c5915eb08ef0cea0ac19c736', '::1', 1510562793, 0x5f5f63695f6c6173745f726567656e65726174657c693a313531303536323739333b61705f69645f757365727c733a313a2239223b61705f70617373776f72647c733a34303a2239376333353837323866376639343763396132373962613962653838333038333935633763633361223b61705f6e616d617c733a343a226a6f6b6f223b61705f6c6576656c7c733a353a2261646d696e223b61705f6c6576656c5f63617074696f6e7c733a31333a2241646d696e6973747261746f72223b),
('39a00a464947935f6a6094c914256004e20c6ff4', '::1', 1510564952, 0x5f5f63695f6c6173745f726567656e65726174657c693a313531303536343934373b61705f69645f757365727c733a313a2239223b61705f70617373776f72647c733a34303a2239376333353837323866376639343763396132373962613962653838333038333935633763633361223b61705f6e616d617c733a343a226a6f6b6f223b61705f6c6576656c7c733a353a2261646d696e223b61705f6c6576656c5f63617074696f6e7c733a31333a2241646d696e6973747261746f72223b),
('df9bbb953aba4c732c0ccdc753332bafb26dc9f9', '::1', 1542101094, 0x5f5f63695f6c6173745f726567656e65726174657c693a313534323130313032313b61705f69645f757365727c733a313a2239223b61705f70617373776f72647c733a34303a2239376333353837323866376639343763396132373962613962653838333038333935633763633361223b61705f6e616d617c733a343a226a6f6b6f223b61705f6c6576656c7c733a353a2261646d696e223b61705f6c6576656c5f63617074696f6e7c733a31333a2241646d696e6973747261746f72223b),
('0f0d3197dfbc37d0b58853ebcafdfa0a4a35665a', '::1', 1542101465, 0x5f5f63695f6c6173745f726567656e65726174657c693a313534323130313433343b61705f69645f757365727c733a313a2239223b61705f70617373776f72647c733a34303a2239376333353837323866376639343763396132373962613962653838333038333935633763633361223b61705f6e616d617c733a343a226a6f6b6f223b61705f6c6576656c7c733a353a2261646d696e223b61705f6c6576656c5f63617074696f6e7c733a31333a2241646d696e6973747261746f72223b),
('4cf1bc3d80ca1fd04f1d2ea065c42fc084715a7c', '::1', 1542102065, 0x5f5f63695f6c6173745f726567656e65726174657c693a313534323130313939353b),
('0ad862ff88e7c1ff7e0747fde11ed8d9047cfccb', '::1', 1542102768, 0x5f5f63695f6c6173745f726567656e65726174657c693a313534323130323436373b61705f69645f757365727c733a313a2239223b61705f70617373776f72647c733a34303a2239376333353837323866376639343763396132373962613962653838333038333935633763633361223b61705f6e616d617c733a343a226a6f6b6f223b61705f6c6576656c7c733a353a2261646d696e223b61705f6c6576656c5f63617074696f6e7c733a31333a2241646d696e6973747261746f72223b),
('3162dd7840622d2842ac29fc18c963c808f53ded', '::1', 1542103069, 0x5f5f63695f6c6173745f726567656e65726174657c693a313534323130323736383b61705f69645f757365727c733a313a2239223b61705f70617373776f72647c733a34303a2239376333353837323866376639343763396132373962613962653838333038333935633763633361223b61705f6e616d617c733a343a226a6f6b6f223b61705f6c6576656c7c733a353a2261646d696e223b61705f6c6576656c5f63617074696f6e7c733a31333a2241646d696e6973747261746f72223b),
('e9e94ab7f58e12b4604c488b5179f68006e9b37a', '::1', 1542103142, 0x5f5f63695f6c6173745f726567656e65726174657c693a313534323130333037383b61705f69645f757365727c733a313a2239223b61705f70617373776f72647c733a34303a2239376333353837323866376639343763396132373962613962653838333038333935633763633361223b61705f6e616d617c733a343a226a6f6b6f223b61705f6c6576656c7c733a353a2261646d696e223b61705f6c6576656c5f63617074696f6e7c733a31333a2241646d696e6973747261746f72223b),
('c6887f05dd39e89427f4880ff4645f1894db6230', '::1', 1542183160, 0x5f5f63695f6c6173745f726567656e65726174657c693a313534323138333134373b61705f69645f757365727c733a313a2239223b61705f70617373776f72647c733a34303a2239376333353837323866376639343763396132373962613962653838333038333935633763633361223b61705f6e616d617c733a343a226a6f6b6f223b61705f6c6576656c7c733a353a2261646d696e223b61705f6c6576656c5f63617074696f6e7c733a31333a2241646d696e6973747261746f72223b),
('ba6d2f4d84532053f143c9f81dd505eeae850e2d', '::1', 1507884942, 0x5f5f63695f6c6173745f726567656e65726174657c693a313534323138333732393b),
('d14064f27d867c9ffa13b3bead64fca352d64944', '::1', 1509098779, 0x5f5f63695f6c6173745f726567656e65726174657c693a313530393039383639373b61705f69645f757365727c733a313a2239223b61705f70617373776f72647c733a34303a2239376333353837323866376639343763396132373962613962653838333038333935633763633361223b61705f6e616d617c733a343a226a6f6b6f223b61705f6c6576656c7c733a353a2261646d696e223b61705f6c6576656c5f63617074696f6e7c733a31333a2241646d696e6973747261746f72223b),
('96103827b75cd33d2e03a04ae1194c65b7d083c2', '::1', 1509099535, 0x5f5f63695f6c6173745f726567656e65726174657c693a313530393039393533323b61705f69645f757365727c733a313a2239223b61705f70617373776f72647c733a34303a2239376333353837323866376639343763396132373962613962653838333038333935633763633361223b61705f6e616d617c733a343a226a6f6b6f223b61705f6c6576656c7c733a353a2261646d696e223b61705f6c6576656c5f63617074696f6e7c733a31333a2241646d696e6973747261746f72223b),
('e6cb591b7b1f39f660155407d2d226c69f86a6ff', '::1', 1509100696, 0x5f5f63695f6c6173745f726567656e65726174657c693a313530393130303339323b61705f69645f757365727c733a313a2239223b61705f70617373776f72647c733a34303a2239376333353837323866376639343763396132373962613962653838333038333935633763633361223b61705f6e616d617c733a343a226a6f6b6f223b61705f6c6576656c7c733a353a2261646d696e223b61705f6c6576656c5f63617074696f6e7c733a31333a2241646d696e6973747261746f72223b),
('ce608d4b84de036ea3cc3031aad0f074c5dfd971', '::1', 1509103272, 0x5f5f63695f6c6173745f726567656e65726174657c693a313530393130303639363b61705f69645f757365727c733a313a2239223b61705f70617373776f72647c733a34303a2239376333353837323866376639343763396132373962613962653838333038333935633763633361223b61705f6e616d617c733a343a226a6f6b6f223b61705f6c6576656c7c733a353a2261646d696e223b61705f6c6576656c5f63617074696f6e7c733a31333a2241646d696e6973747261746f72223b),
('2375a562da7050f017582f6c05423d7010926a51', '::1', 1509103272, 0x5f5f63695f6c6173745f726567656e65726174657c693a313530393130333237323b61705f69645f757365727c733a313a2239223b61705f70617373776f72647c733a34303a2239376333353837323866376639343763396132373962613962653838333038333935633763633361223b61705f6e616d617c733a343a226a6f6b6f223b61705f6c6576656c7c733a353a2261646d696e223b61705f6c6576656c5f63617074696f6e7c733a31333a2241646d696e6973747261746f72223b),
('c2bba8d3357b3fd8eb074159d56adc86df25dfb0', '::1', 1509104083, 0x5f5f63695f6c6173745f726567656e65726174657c693a313530393130343034333b61705f69645f757365727c733a313a2231223b61705f70617373776f72647c733a34303a2264303333653232616533343861656235363630666332313430616563333538353063346461393937223b61705f6e616d617c733a353a2261646d696e223b61705f6c6576656c7c733a353a2261646d696e223b61705f6c6576656c5f63617074696f6e7c733a31333a2241646d696e6973747261746f72223b),
('75383dc2c5c914491ec4440b1143ff3209f0e721', '::1', 1509106624, 0x5f5f63695f6c6173745f726567656e65726174657c693a313530393130363632343b61705f69645f757365727c733a313a2231223b61705f70617373776f72647c733a34303a2264303333653232616533343861656235363630666332313430616563333538353063346461393937223b61705f6e616d617c733a353a2261646d696e223b61705f6c6576656c7c733a353a2261646d696e223b61705f6c6576656c5f63617074696f6e7c733a31333a2241646d696e6973747261746f72223b),
('30cde2e784fe4925e7ce0eb489db17d45ee290c0', '::1', 1509110665, 0x5f5f63695f6c6173745f726567656e65726174657c693a313530393131303430323b61705f69645f757365727c733a313a2231223b61705f70617373776f72647c733a34303a2264303333653232616533343861656235363630666332313430616563333538353063346461393937223b61705f6e616d617c733a353a2261646d696e223b61705f6c6576656c7c733a353a2261646d696e223b61705f6c6576656c5f63617074696f6e7c733a31333a2241646d696e6973747261746f72223b),
('868fa749a5e2be83df1fee47f4edba9e9bf12207', '::1', 1509110804, 0x5f5f63695f6c6173745f726567656e65726174657c693a313530393131303731313b61705f69645f757365727c733a313a2231223b61705f70617373776f72647c733a34303a2264303333653232616533343861656235363630666332313430616563333538353063346461393937223b61705f6e616d617c733a353a2261646d696e223b61705f6c6576656c7c733a353a2261646d696e223b61705f6c6576656c5f63617074696f6e7c733a31333a2241646d696e6973747261746f72223b),
('8cd2c19dcd3a4cf392514908c5c2afd942b03e2d', '::1', 1509112021, 0x5f5f63695f6c6173745f726567656e65726174657c693a313530393131313735343b61705f69645f757365727c733a313a2231223b61705f70617373776f72647c733a34303a2264303333653232616533343861656235363630666332313430616563333538353063346461393937223b61705f6e616d617c733a353a2261646d696e223b61705f6c6576656c7c733a353a2261646d696e223b61705f6c6576656c5f63617074696f6e7c733a31333a2241646d696e6973747261746f72223b),
('a8627b25652145da61f60ab2bd41bb4a08c5cd4f', '::1', 1509112299, 0x5f5f63695f6c6173745f726567656e65726174657c693a313530393131323038353b61705f69645f757365727c733a313a2231223b61705f70617373776f72647c733a34303a2264303333653232616533343861656235363630666332313430616563333538353063346461393937223b61705f6e616d617c733a353a2261646d696e223b61705f6c6576656c7c733a353a2261646d696e223b61705f6c6576656c5f63617074696f6e7c733a31333a2241646d696e6973747261746f72223b),
('703e35045320d77f7f439daa9a2f123fdf250873', '::1', 1509113429, 0x5f5f63695f6c6173745f726567656e65726174657c693a313530393131333134333b61705f69645f757365727c733a313a2231223b61705f70617373776f72647c733a34303a2264303333653232616533343861656235363630666332313430616563333538353063346461393937223b61705f6e616d617c733a353a2261646d696e223b61705f6c6576656c7c733a353a2261646d696e223b61705f6c6576656c5f63617074696f6e7c733a31333a2241646d696e6973747261746f72223b),
('9900f409a6c23f38d2c91239b655eb5bd8e9571e', '::1', 1509113747, 0x5f5f63695f6c6173745f726567656e65726174657c693a313530393131333439323b61705f69645f757365727c733a313a2231223b61705f70617373776f72647c733a34303a2264303333653232616533343861656235363630666332313430616563333538353063346461393937223b61705f6e616d617c733a353a2261646d696e223b61705f6c6576656c7c733a353a2261646d696e223b61705f6c6576656c5f63617074696f6e7c733a31333a2241646d696e6973747261746f72223b),
('eedc2e7996fd9092399b8671eafef6ba211a635f', '::1', 1509113914, 0x5f5f63695f6c6173745f726567656e65726174657c693a313530393131333830363b61705f69645f757365727c733a313a2231223b61705f70617373776f72647c733a34303a2264303333653232616533343861656235363630666332313430616563333538353063346461393937223b61705f6e616d617c733a353a2261646d696e223b61705f6c6576656c7c733a353a2261646d696e223b61705f6c6576656c5f63617074696f6e7c733a31333a2241646d696e6973747261746f72223b),
('7a7d0d6b74229bcab0b58ea2cceaf3d8f2a4ce79', '::1', 1524463226, 0x5f5f63695f6c6173745f726567656e65726174657c693a313532343436323936303b61705f69645f757365727c733a313a2231223b61705f70617373776f72647c733a34303a2264303333653232616533343861656235363630666332313430616563333538353063346461393937223b61705f6e616d617c733a353a2261646d696e223b61705f6c6576656c7c733a353a2261646d696e223b61705f6c6576656c5f63617074696f6e7c733a31333a2241646d696e6973747261746f72223b),
('3fb7a20617bcf86ed01fb05b6ce9c7d963b3c9d7', '::1', 1524463269, 0x5f5f63695f6c6173745f726567656e65726174657c693a313532343436333236393b61705f69645f757365727c733a313a2231223b61705f70617373776f72647c733a34303a2264303333653232616533343861656235363630666332313430616563333538353063346461393937223b61705f6e616d617c733a353a2261646d696e223b61705f6c6576656c7c733a353a2261646d696e223b61705f6c6576656c5f63617074696f6e7c733a31333a2241646d696e6973747261746f72223b),
('218324418b982f18567ec78d9780cbb55933a4e1', '::1', 1524464567, 0x5f5f63695f6c6173745f726567656e65726174657c693a313532343436343331353b61705f69645f757365727c733a313a2231223b61705f70617373776f72647c733a34303a2264303333653232616533343861656235363630666332313430616563333538353063346461393937223b61705f6e616d617c733a353a2261646d696e223b61705f6c6576656c7c733a353a2261646d696e223b61705f6c6576656c5f63617074696f6e7c733a31333a2241646d696e6973747261746f72223b),
('f29d6c9be9714db3edf6d76b650ce16b557d20c5', '::1', 1524464999, 0x5f5f63695f6c6173745f726567656e65726174657c693a313532343436343731393b61705f69645f757365727c733a313a2231223b61705f70617373776f72647c733a34303a2264303333653232616533343861656235363630666332313430616563333538353063346461393937223b61705f6e616d617c733a353a2261646d696e223b61705f6c6576656c7c733a353a2261646d696e223b61705f6c6576656c5f63617074696f6e7c733a31333a2241646d696e6973747261746f72223b),
('80fb9453df6eb4f48a193f957624114d097c298b', '::1', 1524465434, 0x5f5f63695f6c6173745f726567656e65726174657c693a313532343436353133343b61705f69645f757365727c733a313a2231223b61705f70617373776f72647c733a34303a2264303333653232616533343861656235363630666332313430616563333538353063346461393937223b61705f6e616d617c733a353a2261646d696e223b61705f6c6576656c7c733a353a2261646d696e223b61705f6c6576656c5f63617074696f6e7c733a31333a2241646d696e6973747261746f72223b),
('dffce5f2018d40b51324213f7899214114c22975', '::1', 1524465617, 0x5f5f63695f6c6173745f726567656e65726174657c693a313532343436353434353b61705f69645f757365727c733a313a2231223b61705f70617373776f72647c733a34303a2264303333653232616533343861656235363630666332313430616563333538353063346461393937223b61705f6e616d617c733a353a2261646d696e223b61705f6c6576656c7c733a353a2261646d696e223b61705f6c6576656c5f63617074696f6e7c733a31333a2241646d696e6973747261746f72223b),
('21e8fc2b742cc349ff0153c7651605be68bb356d', '::1', 1524466053, 0x5f5f63695f6c6173745f726567656e65726174657c693a313532343436353833353b61705f69645f757365727c733a313a2231223b61705f70617373776f72647c733a34303a2264303333653232616533343861656235363630666332313430616563333538353063346461393937223b61705f6e616d617c733a353a2261646d696e223b61705f6c6576656c7c733a353a2261646d696e223b61705f6c6576656c5f63617074696f6e7c733a31333a2241646d696e6973747261746f72223b),
('c188771cdc5c8dc15ed7dae72d53525d49d1313b', '::1', 1524478869, 0x5f5f63695f6c6173745f726567656e65726174657c693a313532343437383630333b),
('553977189d9395079b391e81bed4b3ddb957d727', '::1', 1524479070, 0x5f5f63695f6c6173745f726567656e65726174657c693a313532343437383932303b),
('84a7bb6ccd4edb7422ccac0e8bacfc63b0294ddc', '::1', 1524479632, 0x5f5f63695f6c6173745f726567656e65726174657c693a313532343437393338303b),
('d164a8d5fa6b9ce65b93ac13169b518844ed2bdb', '::1', 1524479978, 0x5f5f63695f6c6173745f726567656e65726174657c693a313532343437393638353b),
('39f1dd23c33fcd2fd09c4569ef908580e5195e18', '::1', 1524480122, 0x5f5f63695f6c6173745f726567656e65726174657c693a313532343437393938363b),
('4c27e2c08524b08a7c4dfa4b96a7266b0226025d', '::1', 1524480630, 0x5f5f63695f6c6173745f726567656e65726174657c693a313532343438303333303b),
('b95e78e1eec977ad14f7f2b5b8343a0757f83a7d', '::1', 1524480925, 0x5f5f63695f6c6173745f726567656e65726174657c693a313532343438303633363b61705f69645f757365727c733a313a2231223b61705f70617373776f72647c733a34303a2264303333653232616533343861656235363630666332313430616563333538353063346461393937223b61705f6e616d617c733a353a2261646d696e223b61705f6c6576656c7c733a353a2261646d696e223b61705f6c6576656c5f63617074696f6e7c733a31333a2241646d696e6973747261746f72223b),
('3632becb07723e7a4096b5b42b049cc8aad690b8', '::1', 1524481055, 0x5f5f63695f6c6173745f726567656e65726174657c693a313532343438303933383b61705f69645f757365727c733a313a2231223b61705f70617373776f72647c733a34303a2264303333653232616533343861656235363630666332313430616563333538353063346461393937223b61705f6e616d617c733a353a2261646d696e223b61705f6c6576656c7c733a353a2261646d696e223b61705f6c6576656c5f63617074696f6e7c733a31333a2241646d696e6973747261746f72223b),
('37d2039a2627917218153d9fbc6fa930bc7c91f5', '::1', 1524482125, 0x5f5f63695f6c6173745f726567656e65726174657c693a313532343438313835313b61705f69645f757365727c733a313a2231223b61705f70617373776f72647c733a34303a2264303333653232616533343861656235363630666332313430616563333538353063346461393937223b61705f6e616d617c733a353a2261646d696e223b61705f6c6576656c7c733a353a2261646d696e223b61705f6c6576656c5f63617074696f6e7c733a31333a2241646d696e6973747261746f72223b),
('e374c163c5f1d8d8462d280d1bf9a01d86fa96ff', '::1', 1524482458, 0x5f5f63695f6c6173745f726567656e65726174657c693a313532343438323137393b61705f69645f757365727c733a313a2231223b61705f70617373776f72647c733a34303a2264303333653232616533343861656235363630666332313430616563333538353063346461393937223b61705f6e616d617c733a353a2261646d696e223b61705f6c6576656c7c733a353a2261646d696e223b61705f6c6576656c5f63617074696f6e7c733a31333a2241646d696e6973747261746f72223b),
('94619402fbc5e4e9c90e6bb5a8f4d6925136f12e', '::1', 1524482751, 0x5f5f63695f6c6173745f726567656e65726174657c693a313532343438323439343b61705f69645f757365727c733a313a2231223b61705f70617373776f72647c733a34303a2264303333653232616533343861656235363630666332313430616563333538353063346461393937223b61705f6e616d617c733a353a2261646d696e223b61705f6c6576656c7c733a353a2261646d696e223b61705f6c6576656c5f63617074696f6e7c733a31333a2241646d696e6973747261746f72223b),
('d52031b742963ce76f4a388abf731dc0d68d195c', '::1', 1524482946, 0x5f5f63695f6c6173745f726567656e65726174657c693a313532343438323830333b61705f69645f757365727c733a313a2231223b61705f70617373776f72647c733a34303a2264303333653232616533343861656235363630666332313430616563333538353063346461393937223b61705f6e616d617c733a353a2261646d696e223b61705f6c6576656c7c733a353a2261646d696e223b61705f6c6576656c5f63617074696f6e7c733a31333a2241646d696e6973747261746f72223b),
('ea6007edb66c6e25f6a16b6fe2d04a28e6838a8c', '::1', 1524483403, 0x5f5f63695f6c6173745f726567656e65726174657c693a313532343438333130373b61705f69645f757365727c733a313a2231223b61705f70617373776f72647c733a34303a2264303333653232616533343861656235363630666332313430616563333538353063346461393937223b61705f6e616d617c733a353a2261646d696e223b61705f6c6576656c7c733a353a2261646d696e223b61705f6c6576656c5f63617074696f6e7c733a31333a2241646d696e6973747261746f72223b),
('673e73cb48885c0030137c9c4b747e452cbf6cdf', '::1', 1524483723, 0x5f5f63695f6c6173745f726567656e65726174657c693a313532343438333432383b61705f69645f757365727c733a313a2231223b61705f70617373776f72647c733a34303a2264303333653232616533343861656235363630666332313430616563333538353063346461393937223b61705f6e616d617c733a353a2261646d696e223b61705f6c6576656c7c733a353a2261646d696e223b61705f6c6576656c5f63617074696f6e7c733a31333a2241646d696e6973747261746f72223b),
('c2e4f590d07b0a0511912b282ae0e03ec816f35a', '::1', 1524483928, 0x5f5f63695f6c6173745f726567656e65726174657c693a313532343438333733333b61705f69645f757365727c733a313a2231223b61705f70617373776f72647c733a34303a2264303333653232616533343861656235363630666332313430616563333538353063346461393937223b61705f6e616d617c733a353a2261646d696e223b61705f6c6576656c7c733a353a2261646d696e223b61705f6c6576656c5f63617074696f6e7c733a31333a2241646d696e6973747261746f72223b),
('625645ae3c09d8d65ed15afef6de3cf5b8a987f3', '::1', 1524485116, 0x5f5f63695f6c6173745f726567656e65726174657c693a313532343438353131363b61705f69645f757365727c733a313a2231223b61705f70617373776f72647c733a34303a2264303333653232616533343861656235363630666332313430616563333538353063346461393937223b61705f6e616d617c733a353a2261646d696e223b61705f6c6576656c7c733a353a2261646d696e223b61705f6c6576656c5f63617074696f6e7c733a31333a2241646d696e6973747261746f72223b),
('425e652ac662612230bbdd176c47caa6355ea5ea', '::1', 1524485394, 0x5f5f63695f6c6173745f726567656e65726174657c693a313532343438353131363b61705f69645f757365727c733a313a2231223b61705f70617373776f72647c733a34303a2264303333653232616533343861656235363630666332313430616563333538353063346461393937223b61705f6e616d617c733a353a2261646d696e223b61705f6c6576656c7c733a353a2261646d696e223b61705f6c6576656c5f63617074696f6e7c733a31333a2241646d696e6973747261746f72223b),
('5d596b6389c131070b86362ba6cb673c7fc84572', '::1', 1524485658, 0x5f5f63695f6c6173745f726567656e65726174657c693a313532343438353432383b61705f69645f757365727c733a313a2231223b61705f70617373776f72647c733a34303a2264303333653232616533343861656235363630666332313430616563333538353063346461393937223b61705f6e616d617c733a353a2261646d696e223b61705f6c6576656c7c733a353a2261646d696e223b61705f6c6576656c5f63617074696f6e7c733a31333a2241646d696e6973747261746f72223b),
('cef17481ae21ca25d3acde3497d005aa4b94d3a2', '::1', 1524486044, 0x5f5f63695f6c6173745f726567656e65726174657c693a313532343438353734353b61705f69645f757365727c733a313a2231223b61705f70617373776f72647c733a34303a2264303333653232616533343861656235363630666332313430616563333538353063346461393937223b61705f6e616d617c733a353a2261646d696e223b61705f6c6576656c7c733a353a2261646d696e223b61705f6c6576656c5f63617074696f6e7c733a31333a2241646d696e6973747261746f72223b),
('3a0e2c7d3766ad883522d31cf2dac7b168f3fb69', '::1', 1524486239, 0x5f5f63695f6c6173745f726567656e65726174657c693a313532343438363035343b61705f69645f757365727c733a313a2231223b61705f70617373776f72647c733a34303a2264303333653232616533343861656235363630666332313430616563333538353063346461393937223b61705f6e616d617c733a353a2261646d696e223b61705f6c6576656c7c733a353a2261646d696e223b61705f6c6576656c5f63617074696f6e7c733a31333a2241646d696e6973747261746f72223b),
('ffcda8f41c8dbc896e8b71fb1d864b4fe34e5941', '::1', 1524486954, 0x5f5f63695f6c6173745f726567656e65726174657c693a313532343438363635363b61705f69645f757365727c733a313a2231223b61705f70617373776f72647c733a34303a2264303333653232616533343861656235363630666332313430616563333538353063346461393937223b61705f6e616d617c733a353a2261646d696e223b61705f6c6576656c7c733a353a2261646d696e223b61705f6c6576656c5f63617074696f6e7c733a31333a2241646d696e6973747261746f72223b),
('d4b7ad6f17e1b670bd531948b065782546b0effc', '::1', 1524487261, 0x5f5f63695f6c6173745f726567656e65726174657c693a313532343438363938313b61705f69645f757365727c733a313a2231223b61705f70617373776f72647c733a34303a2264303333653232616533343861656235363630666332313430616563333538353063346461393937223b61705f6e616d617c733a353a2261646d696e223b61705f6c6576656c7c733a353a2261646d696e223b61705f6c6576656c5f63617074696f6e7c733a31333a2241646d696e6973747261746f72223b),
('c0bb397fd4c3304a196362f288bffec57faec53d', '::1', 1524488016, 0x5f5f63695f6c6173745f726567656e65726174657c693a313532343438373330343b61705f69645f757365727c733a313a2231223b61705f70617373776f72647c733a34303a2264303333653232616533343861656235363630666332313430616563333538353063346461393937223b61705f6e616d617c733a353a2261646d696e223b61705f6c6576656c7c733a353a2261646d696e223b61705f6c6576656c5f63617074696f6e7c733a31333a2241646d696e6973747261746f72223b),
('66dc75d60a51898644969bb77c76b78a9850cc4b', '::1', 1524488462, 0x5f5f63695f6c6173745f726567656e65726174657c693a313532343438383031393b61705f69645f757365727c733a313a2231223b61705f70617373776f72647c733a34303a2264303333653232616533343861656235363630666332313430616563333538353063346461393937223b61705f6e616d617c733a353a2261646d696e223b61705f6c6576656c7c733a353a2261646d696e223b61705f6c6576656c5f63617074696f6e7c733a31333a2241646d696e6973747261746f72223b),
('fa1587e07740dda448ff43936fa959a5c6d832ae', '::1', 1524488564, 0x5f5f63695f6c6173745f726567656e65726174657c693a313532343438383536343b61705f69645f757365727c733a313a2231223b61705f70617373776f72647c733a34303a2264303333653232616533343861656235363630666332313430616563333538353063346461393937223b61705f6e616d617c733a353a2261646d696e223b61705f6c6576656c7c733a353a2261646d696e223b61705f6c6576656c5f63617074696f6e7c733a31333a2241646d696e6973747261746f72223b),
('950eff691d00ce3591aa21175de04d7413b91dee', '::1', 1524490345, 0x5f5f63695f6c6173745f726567656e65726174657c693a313532343439303039323b61705f69645f757365727c733a313a2231223b61705f70617373776f72647c733a34303a2264303333653232616533343861656235363630666332313430616563333538353063346461393937223b61705f6e616d617c733a353a2261646d696e223b61705f6c6576656c7c733a353a2261646d696e223b61705f6c6576656c5f63617074696f6e7c733a31333a2241646d696e6973747261746f72223b),
('6c19aa4c1ac554b07b6707333834b47fc0dd6832', '::1', 1524490731, 0x5f5f63695f6c6173745f726567656e65726174657c693a313532343439303430353b61705f69645f757365727c733a313a2231223b61705f70617373776f72647c733a34303a2264303333653232616533343861656235363630666332313430616563333538353063346461393937223b61705f6e616d617c733a353a2261646d696e223b61705f6c6576656c7c733a353a2261646d696e223b61705f6c6576656c5f63617074696f6e7c733a31333a2241646d696e6973747261746f72223b),
('c8c8fc63cb63143af28349c62815d8086f1d1da4', '::1', 1524491260, 0x5f5f63695f6c6173745f726567656e65726174657c693a313532343439303831323b61705f69645f757365727c733a313a2231223b61705f70617373776f72647c733a34303a2264303333653232616533343861656235363630666332313430616563333538353063346461393937223b61705f6e616d617c733a353a2261646d696e223b61705f6c6576656c7c733a353a2261646d696e223b61705f6c6576656c5f63617074696f6e7c733a31333a2241646d696e6973747261746f72223b),
('56326b25a076158476c3b890fe2af2ac1c7e287e', '::1', 1524491618, 0x5f5f63695f6c6173745f726567656e65726174657c693a313532343439313236373b61705f69645f757365727c733a313a2231223b61705f70617373776f72647c733a34303a2264303333653232616533343861656235363630666332313430616563333538353063346461393937223b61705f6e616d617c733a353a2261646d696e223b61705f6c6576656c7c733a353a2261646d696e223b61705f6c6576656c5f63617074696f6e7c733a31333a2241646d696e6973747261746f72223b),
('13ac609b32fe69ef8e988a4d7c0799e039b49ed1', '::1', 1524491955, 0x5f5f63695f6c6173745f726567656e65726174657c693a313532343439313638333b61705f69645f757365727c733a313a2231223b61705f70617373776f72647c733a34303a2264303333653232616533343861656235363630666332313430616563333538353063346461393937223b61705f6e616d617c733a353a2261646d696e223b61705f6c6576656c7c733a353a2261646d696e223b61705f6c6576656c5f63617074696f6e7c733a31333a2241646d696e6973747261746f72223b),
('cd417613181ab0932b8d125d5e466e7a75a5a032', '::1', 1524492666, 0x5f5f63695f6c6173745f726567656e65726174657c693a313532343439323333393b61705f69645f757365727c733a313a2231223b61705f70617373776f72647c733a34303a2264303333653232616533343861656235363630666332313430616563333538353063346461393937223b61705f6e616d617c733a353a2261646d696e223b61705f6c6576656c7c733a353a2261646d696e223b61705f6c6576656c5f63617074696f6e7c733a31333a2241646d696e6973747261746f72223b),
('00974970ce910d601c753088f86e245dd85bb7d6', '::1', 1524492911, 0x5f5f63695f6c6173745f726567656e65726174657c693a313532343439323637383b61705f69645f757365727c733a313a2231223b61705f70617373776f72647c733a34303a2264303333653232616533343861656235363630666332313430616563333538353063346461393937223b61705f6e616d617c733a353a2261646d696e223b61705f6c6576656c7c733a353a2261646d696e223b61705f6c6576656c5f63617074696f6e7c733a31333a2241646d696e6973747261746f72223b),
('6deed6be63b063418d9d76bdc7861e45335df9f0', '::1', 1524493302, 0x5f5f63695f6c6173745f726567656e65726174657c693a313532343439333030323b61705f69645f757365727c733a313a2232223b61705f70617373776f72647c733a34303a2238363931653466633533623939646135343463653836653232616362613632643133333532656666223b61705f6e616d617c733a373a2243656e74696e69223b61705f6c6576656c7c733a353a226b61736972223b61705f6c6576656c5f63617074696f6e7c733a31313a225374616666204b61736972223b),
('d331b0412779156738b0121e6eece1e062ec7016', '::1', 1524493598, 0x5f5f63695f6c6173745f726567656e65726174657c693a313532343439333330373b61705f69645f757365727c733a313a2236223b61705f70617373776f72647c733a34303a2239376333353837323866376639343763396132373962613962653838333038333935633763633361223b61705f6e616d617c733a393a224a6f6b6f2048616a69223b61705f6c6576656c7c733a383a226b6575616e67616e223b61705f6c6576656c5f63617074696f6e7c733a31343a225374616666204b6575616e67616e223b),
('6fcd0250f9fcbc717c4f1939a587686296e6fb58', '::1', 1524493871, 0x5f5f63695f6c6173745f726567656e65726174657c693a313532343439333631393b61705f69645f757365727c733a313a2231223b61705f70617373776f72647c733a34303a2264303333653232616533343861656235363630666332313430616563333538353063346461393937223b61705f6e616d617c733a353a2261646d696e223b61705f6c6576656c7c733a353a2261646d696e223b61705f6c6576656c5f63617074696f6e7c733a31333a2241646d696e6973747261746f72223b),
('ccbca99627717836484653ffca7dd74e409c20d2', '::1', 1524493998, 0x5f5f63695f6c6173745f726567656e65726174657c693a313532343439333939373b61705f69645f757365727c733a313a2231223b61705f70617373776f72647c733a34303a2264303333653232616533343861656235363630666332313430616563333538353063346461393937223b61705f6e616d617c733a353a2261646d696e223b61705f6c6576656c7c733a353a2261646d696e223b61705f6c6576656c5f63617074696f6e7c733a31333a2241646d696e6973747261746f72223b),
('5d793bb40325405f203a274e0f3f1d9bc696e115', '::1', 1524494113, 0x5f5f63695f6c6173745f726567656e65726174657c693a313532343439343034373b),
('f2a79b3b0ff29910d2f6533ebf3db02bd366d0cf', '::1', 1524564251, 0x5f5f63695f6c6173745f726567656e65726174657c693a313532343536343131303b61705f69645f757365727c733a313a2231223b61705f70617373776f72647c733a34303a2264303333653232616533343861656235363630666332313430616563333538353063346461393937223b61705f6e616d617c733a353a2261646d696e223b61705f6c6576656c7c733a353a2261646d696e223b61705f6c6576656c5f63617074696f6e7c733a31333a2241646d696e6973747261746f72223b);

-- --------------------------------------------------------

--
-- Table structure for table `pj_kategori_barang`
--

DROP TABLE IF EXISTS `pj_kategori_barang`;
CREATE TABLE IF NOT EXISTS `pj_kategori_barang` (
  `id_kategori_barang` mediumint(1) UNSIGNED NOT NULL AUTO_INCREMENT,
  `kategori` varchar(40) NOT NULL,
  `dihapus` enum('tidak','ya') NOT NULL,
  PRIMARY KEY (`id_kategori_barang`)
) ENGINE=MyISAM AUTO_INCREMENT=12 DEFAULT CHARSET=latin1;

--
-- Dumping data for table `pj_kategori_barang`
--

INSERT INTO `pj_kategori_barang` (`id_kategori_barang`, `kategori`, `dihapus`) VALUES
(1, 'Sepatu', 'ya'),
(2, 'Tas', 'ya'),
(3, 'Baju', 'tidak'),
(4, 'Celana', 'tidak'),
(5, 'Topi', 'ya'),
(6, 'Gelang', 'ya'),
(7, 'Jam', 'ya'),
(8, 'Topi', 'tidak'),
(9, 'Test', 'tidak'),
(10, 'y', 'ya'),
(11, 'Obat', 'tidak');

-- --------------------------------------------------------

--
-- Table structure for table `pj_merk_barang`
--

DROP TABLE IF EXISTS `pj_merk_barang`;
CREATE TABLE IF NOT EXISTS `pj_merk_barang` (
  `id_merk_barang` mediumint(1) UNSIGNED NOT NULL AUTO_INCREMENT,
  `merk` varchar(40) NOT NULL,
  `dihapus` enum('tidak','ya') NOT NULL,
  PRIMARY KEY (`id_merk_barang`)
) ENGINE=MyISAM AUTO_INCREMENT=26 DEFAULT CHARSET=latin1;

--
-- Dumping data for table `pj_merk_barang`
--

INSERT INTO `pj_merk_barang` (`id_merk_barang`, `merk`, `dihapus`) VALUES
(1, 'Adidas', 'tidak'),
(2, 'Nike', 'tidak'),
(3, 'BodyPack', 'tidak'),
(4, 'Jansport', 'tidak'),
(5, 'Nevada', 'tidak'),
(6, 'Jackloth', 'tidak'),
(7, 'Pierro', 'ya'),
(8, 'Pierro', 'ya'),
(9, 'Pierro', 'ya'),
(10, 'Converse', 'tidak'),
(11, 'Piero', 'ya'),
(12, 'Teen', 'ya'),
(13, 'adass2', 'ya'),
(14, 'asda', 'ya'),
(15, 'sada3', 'ya'),
(16, 'asda 3', 'ya'),
(17, '333', 'ya'),
(18, 'Nature', 'tidak'),
(19, 'qwe11', 'tidak'),
(20, '1', 'tidak'),
(21, 'Derry', 'ya'),
(22, 'Derry Tri Wicaksono', 'tidak'),
(23, 'test', 'tidak'),
(24, '1', 'tidak'),
(25, '22', 'ya');

-- --------------------------------------------------------

--
-- Table structure for table `pj_pelanggan`
--

DROP TABLE IF EXISTS `pj_pelanggan`;
CREATE TABLE IF NOT EXISTS `pj_pelanggan` (
  `id_pelanggan` mediumint(1) UNSIGNED NOT NULL AUTO_INCREMENT,
  `nama` varchar(40) NOT NULL,
  `alamat` text,
  `telp` varchar(40) DEFAULT NULL,
  `info_tambahan` text,
  `kode_unik` varchar(30) NOT NULL,
  `waktu_input` datetime NOT NULL,
  `dihapus` enum('tidak','ya') NOT NULL,
  `blacklist` varchar(5) DEFAULT 'tidak',
  PRIMARY KEY (`id_pelanggan`)
) ENGINE=MyISAM AUTO_INCREMENT=32 DEFAULT CHARSET=latin1;

--
-- Dumping data for table `pj_pelanggan`
--

INSERT INTO `pj_pelanggan` (`id_pelanggan`, `nama`, `alamat`, `telp`, `info_tambahan`, `kode_unik`, `waktu_input`, `dihapus`, `blacklist`) VALUES
(1, 'Pak Udin', 'Jalan Kayumanis 2 Baru', '08838493439', 'Testtt', '', '2016-05-07 22:44:25', 'ya', 'tidak'),
(2, 'Pak Jarwo', 'Kemanggisan deket binus', '4353535353', NULL, '', '2016-05-07 22:44:49', 'ya', 'tidak'),
(3, 'Joko', 'Kayumanis', '08773682882', '', '', '2016-05-23 16:31:47', 'ya', 'tidak'),
(4, 'Budi', 'Salemba', '089930393829', 'Testing', '', '2016-05-23 16:33:00', 'ya', 'tidak'),
(5, 'Mira', 'Pisangan', '09938829232', '', '', '2016-05-23 16:36:45', 'tidak', 'tidak'),
(6, 'Deden', 'Jauh', '990393', 'Test', '', '2016-05-24 20:54:58', 'ya', 'tidak'),
(7, 'Jamil', 'Berlan', '0934934939', '', '14640998941', '2016-05-24 21:24:54', 'tidak', 'tidak'),
(8, 'Budi', 'Jatinegara', '8349393439', '', '14640999321', '2016-05-24 21:25:32', 'tidak', 'tidak'),
(9, 'Kodok', 'Test', '0000', '', '14641003271', '2016-05-24 21:32:07', 'tidak', 'tidak'),
(10, 'Brandon', 'Test', '99030', '', '14641003401', '2016-05-24 21:32:20', 'tidak', 'tidak'),
(11, 'Broke', 'Test', '9900', 'Test', '14641005481', '2016-05-24 21:35:48', 'tidak', 'tidak'),
(12, 'Narji', 'Test', '000', 'Test', '14641006401', '2016-05-24 21:37:20', 'tidak', 'tidak'),
(13, 'Bernard', 'Test', '0000', 'test', '14641006651', '2016-05-24 21:37:45', 'tidak', 'tidak'),
(14, 'Nani', 'Test\r\n\r\nAja', '0000', 'Test\r\n\r\nAja', '14641016551', '2016-05-24 21:54:15', 'ya', 'tidak'),
(15, 'Norman', 'Test', '0039349', '', '14641017311', '2016-05-24 21:55:31', 'ya', 'tidak'),
(16, 'Melina', 'Jauh', '9900039', 'Test', '14661682871', '2016-06-17 19:58:07', 'tidak', 'tidak'),
(17, 'Malih', 'test', '3434343', '', '14729767201', '2016-09-04 15:12:00', 'tidak', 'tidak'),
(18, 'jaka', 'jaka', '0000', 'jaka', '14729767881', '2016-09-04 15:13:08', 'tidak', 'tidak'),
(19, 'makak', 'kkk', '999', 'kakad', '14729768261', '2016-09-04 15:13:46', 'tidak', 'tidak'),
(20, 'asda', 'asda', '2342', 'asdad', '14729768371', '2016-09-04 15:13:57', 'ya', 'tidak'),
(21, 'asdadadasdad', 'test', '324', 'asdadad', '14729768481', '2016-09-04 15:14:08', 'ya', 'tidak'),
(22, 'hhhhhhhhhhhhhhhhhh', 'hhhhhhhhhhhhhh', '9999999999999', 'kkkkkkkkkkkkkkkkkkk', '14921555542', '2017-04-14 14:39:14', 'ya', 'tidak'),
(23, 'df', 'dfs', '0853', 'fds', '14921641692', '2017-04-14 17:02:49', 'ya', 'tidak'),
(24, 'Hitomi Tanaka a', 'Jl. Jepang', '0822222222', 'Bisa cek di video xhamster', '14921797112', '2017-04-14 21:21:51', 'ya', 'tidak'),
(25, 'fuk the', 'testste', '12', '12', '14956844652', '2017-05-25 10:54:25', 'ya', 'tidak'),
(26, 'Pelanggan', 'jl.sanrangan 9 no IX', '085656300926', '', '14961292372', '2017-05-30 14:27:17', 'tidak', 'tidak'),
(27, 'd', 'jl.sanrangan 9 no IX', '085656300926', '', '14961292962', '2017-05-30 14:28:16', 'tidak', 'tidak'),
(28, 'zainul mustofa', 'gununganyar', '089677818753', '', '14972419252', '2017-06-12 11:32:05', 'tidak', 'tidak'),
(29, 'dion', 'tuban', '082100000', '', '15013168632', '2017-07-29 15:27:43', 'tidak', 'tidak'),
(30, 'tita', 'ghdhhgfh', '425245', '-', '15027695232', '2017-08-15 10:58:43', 'tidak', 'tidak'),
(31, 'Ali', 'Ala', '1234282847477', 'Ss', '15051278722', '2017-09-11 18:04:32', 'tidak', 'tidak');

-- --------------------------------------------------------

--
-- Table structure for table `pj_penjualan_detail`
--

DROP TABLE IF EXISTS `pj_penjualan_detail`;
CREATE TABLE IF NOT EXISTS `pj_penjualan_detail` (
  `id_penjualan_d` int(1) UNSIGNED NOT NULL AUTO_INCREMENT,
  `id_penjualan_m` int(1) UNSIGNED NOT NULL,
  `id_barang` int(1) NOT NULL,
  `jumlah_beli` smallint(1) UNSIGNED NOT NULL,
  `harga_satuan` decimal(10,0) NOT NULL,
  `total` decimal(10,0) NOT NULL,
  PRIMARY KEY (`id_penjualan_d`)
) ENGINE=MyISAM AUTO_INCREMENT=213 DEFAULT CHARSET=latin1;

--
-- Dumping data for table `pj_penjualan_detail`
--

INSERT INTO `pj_penjualan_detail` (`id_penjualan_d`, `id_penjualan_m`, `id_barang`, `jumlah_beli`, `harga_satuan`, `total`) VALUES
(2, 2, 2, 1, '120000', '120000'),
(3, 2, 4, 1, '35000', '35000'),
(4, 3, 3, 1, '350000', '350000'),
(5, 4, 2, 1, '120000', '120000'),
(6, 4, 11, 2, '30000', '60000'),
(7, 4, 4, 2, '35000', '70000'),
(11, 6, 2, 1, '120000', '120000'),
(10, 6, 1, 1, '400000', '400000'),
(12, 7, 4, 1, '35000', '35000'),
(13, 8, 3, 1, '350000', '350000'),
(14, 9, 1, 1, '400000', '400000'),
(15, 9, 2, 1, '120000', '120000'),
(16, 9, 3, 1, '350000', '350000'),
(17, 9, 4, 1, '35000', '35000'),
(18, 10, 1, 1, '400000', '400000'),
(19, 10, 2, 1, '120000', '120000'),
(20, 10, 3, 1, '350000', '350000'),
(21, 11, 1, 1, '400000', '400000'),
(22, 11, 3, 1, '350000', '350000'),
(23, 12, 3, 2, '350000', '700000'),
(26, 15, 1, 1, '400000', '400000'),
(27, 16, 24, 1, '230000', '230000'),
(28, 16, 14, 1, '2000', '2000'),
(29, 16, 4, 1, '35000', '35000'),
(30, 16, 5, 1, '550000', '550000'),
(31, 17, 13, 20, '3000', '60000'),
(32, 17, 12, 2, '20000', '40000'),
(33, 18, 5, 31, '550000', '17050000'),
(34, 19, 1, 2, '400000', '800000'),
(35, 20, 1, 1, '400000', '400000'),
(36, 21, 2, 1, '120000', '120000'),
(37, 22, 23, 1, '20000', '20000'),
(38, 22, 1, 1, '400000', '400000'),
(39, 23, 11, 1, '30000', '30000'),
(40, 23, 4, 2, '35000', '70000'),
(41, 24, 3, 1, '350000', '350000'),
(42, 24, 5, 1, '550000', '550000'),
(43, 25, 3, 1, '350000', '350000'),
(44, 25, 11, 1, '30000', '30000'),
(45, 26, 11, 1, '30000', '30000'),
(46, 26, 14, 1, '2000', '2000'),
(47, 26, 5, 1, '550000', '550000'),
(48, 27, 1, 5, '400000', '2000000'),
(49, 27, 3, 1, '350000', '350000'),
(50, 28, 1, 1, '400000', '400000'),
(51, 28, 2, 1, '120000', '120000'),
(52, 28, 5, 1, '550000', '550000'),
(53, 29, 11, 1, '30000', '30000'),
(54, 29, 26, 1, '120000', '120000'),
(55, 30, 1, 2, '400000', '800000'),
(56, 31, 3, 1, '350000', '350000'),
(57, 31, 14, 5, '2000', '10000'),
(58, 32, 3, 1, '350000', '350000'),
(59, 32, 14, 1, '2000', '2000'),
(60, 32, 12, 1, '20000', '20000'),
(61, 32, 26, 1, '120000', '120000'),
(62, 33, 26, 1, '120000', '120000'),
(63, 33, 14, 1, '2000', '2000'),
(64, 34, 26, 5, '120000', '600000'),
(65, 35, 23, 1, '20000', '20000'),
(66, 36, 26, 2, '120000', '240000'),
(67, 36, 23, 5, '20000', '100000'),
(68, 37, 3, 4, '350000', '1400000'),
(69, 37, 1, 4, '400000', '1600000'),
(70, 38, 3, 1, '350000', '350000'),
(71, 38, 14, 1, '2000', '2000'),
(72, 38, 2, 1, '120000', '120000'),
(73, 39, 4, 1, '35000', '35000'),
(74, 39, 3, 1, '350000', '350000'),
(75, 40, 3, 1, '350000', '350000'),
(76, 41, 4, 1, '35000', '35000'),
(77, 42, 12, 1, '20000', '20000'),
(78, 42, 4, 1, '35000', '35000'),
(79, 43, 4, 1, '35000', '35000'),
(80, 43, 26, 15, '120000', '1800000'),
(81, 44, 23, 5, '20000', '100000'),
(82, 44, 5, 2, '550000', '1100000'),
(83, 44, 13, 1, '3000', '3000'),
(84, 45, 2, 1, '120000', '120000'),
(85, 45, 14, 3, '2000', '6000'),
(86, 46, 12, 1, '20000', '20000'),
(87, 47, 2, 1, '120000', '120000'),
(88, 48, 12, 1, '20000', '20000'),
(89, 49, 12, 2, '20000', '40000'),
(90, 49, 3, 3, '350000', '1050000'),
(91, 50, 3, 3, '350000', '1050000'),
(92, 50, 13, 1, '3000', '3000'),
(93, 51, 2, 1, '120000', '120000'),
(94, 51, 13, 1, '3000', '3000'),
(95, 51, 23, 1, '20000', '20000'),
(96, 52, 13, 2, '3000', '6000'),
(97, 52, 4, 4, '35000', '140000'),
(98, 52, 14, 1, '2000', '2000'),
(99, 53, 2, 1, '120000', '120000'),
(100, 54, 23, 1, '20000', '20000'),
(101, 54, 4, 1, '35000', '35000'),
(102, 54, 13, 1, '3000', '3000'),
(103, 55, 23, 1, '20000', '20000'),
(104, 55, 2, 1, '120000', '120000'),
(105, 55, 11, 1, '30000', '30000'),
(106, 55, 3, 1, '350000', '350000'),
(107, 55, 4, 1, '35000', '35000'),
(108, 55, 14, 1, '2000', '2000'),
(109, 56, 34, 1, '1040000', '1040000'),
(110, 56, 3, 2, '350000', '700000'),
(111, 57, 14, 1, '2000', '2000'),
(112, 57, 30, 1, '60000', '60000'),
(113, 58, 34, 1, '1040000', '1040000'),
(114, 59, 34, 1, '1040000', '1040000'),
(115, 60, 1, 2, '400000', '800000'),
(116, 60, 5, 2, '550000', '1100000'),
(117, 60, 11, 1, '30000', '30000'),
(118, 61, 2, 1, '120000', '120000'),
(119, 61, 1, 1, '400000', '400000'),
(120, 61, 3, 2, '350000', '700000'),
(121, 62, 1, 3, '400000', '1200000'),
(122, 63, 34, 1, '1040000', '1040000'),
(123, 63, 4, 2, '35000', '70000'),
(124, 63, 2, 1, '120000', '120000'),
(125, 64, 13, 4, '3000', '12000'),
(126, 64, 14, 4, '2000', '8000'),
(127, 65, 12, 1, '20000', '20000'),
(128, 65, 30, 1, '60000', '60000'),
(129, 66, 23, 1, '20000', '20000'),
(130, 66, 2, 1, '120000', '120000'),
(131, 66, 30, 1, '60000', '60000'),
(132, 66, 3, 1, '350000', '350000'),
(133, 67, 2, 2, '120000', '240000'),
(134, 67, 30, 10, '60000', '600000'),
(135, 68, 3, 1, '350000', '350000'),
(136, 68, 34, 1, '1040000', '1040000'),
(137, 68, 23, 1, '20000', '20000'),
(138, 69, 12, 1, '20000', '20000'),
(139, 70, 30, 1, '60000', '60000'),
(140, 71, 3, 4, '350000', '1400000'),
(141, 72, 2, 1, '120000', '120000'),
(142, 73, 3, 1, '350000', '350000'),
(143, 74, 30, 2, '60000', '120000'),
(144, 75, 30, 1, '60000', '60000'),
(145, 76, 23, 5, '20000', '100000'),
(146, 77, 12, 1, '20000', '20000'),
(147, 78, 30, 1, '60000', '60000'),
(148, 78, 2, 1, '120000', '120000'),
(149, 79, 23, 1, '20000', '20000'),
(150, 79, 34, 3, '1040000', '3120000'),
(151, 80, 34, 1, '1040000', '1040000'),
(152, 80, 2, 1, '120000', '120000'),
(153, 81, 12, 2, '20000', '40000'),
(154, 82, 12, 1, '20000', '20000'),
(155, 82, 31, 1, '10000', '10000'),
(156, 83, 12, 1, '20000', '20000'),
(157, 84, 2, 1, '120000', '120000'),
(158, 85, 12, 2, '20000', '40000'),
(159, 85, 31, 1, '10000', '10000'),
(160, 86, 30, 1, '60000', '60000'),
(161, 87, 12, 1, '20000', '20000'),
(162, 88, 30, 1, '60000', '60000'),
(163, 89, 12, 2, '20000', '40000'),
(164, 89, 30, 1, '60000', '60000'),
(165, 90, 30, 1, '60000', '60000'),
(166, 91, 30, 1, '60000', '60000'),
(167, 92, 14, 1, '2000', '2000'),
(168, 92, 30, 1, '60000', '60000'),
(169, 92, 2, 1, '120000', '120000'),
(170, 93, 30, 1, '60000', '60000'),
(171, 94, 14, 1, '2000', '2000'),
(172, 94, 30, 1, '60000', '60000'),
(173, 95, 2, 1, '120000', '120000'),
(174, 95, 23, 1, '20000', '20000'),
(175, 96, 14, 1, '2000', '2000'),
(176, 97, 14, 1, '2000', '2000'),
(177, 97, 2, 1, '120000', '120000'),
(178, 97, 34, 1, '1040000', '1040000'),
(179, 98, 2, 1, '120000', '120000'),
(180, 98, 14, 1, '2000', '2000'),
(181, 99, 14, 1, '2000', '2000'),
(182, 100, 32, 10, '1966', '19660'),
(183, 101, 2, 15, '120000', '1800000'),
(184, 102, 14, 2, '2000', '4000'),
(185, 102, 30, 3, '60000', '180000'),
(186, 103, 30, 3, '60000', '180000'),
(187, 104, 23, 2, '20000', '40000'),
(188, 104, 30, 1, '60000', '60000'),
(189, 104, 14, 1, '2000', '2000'),
(190, 105, 2, 1, '120000', '120000'),
(191, 105, 14, 8, '2000', '16000'),
(192, 106, 14, 10, '2000', '2000'),
(194, 108, 2, 1, '120000', '120000'),
(195, 108, 14, 1, '2000', '2000'),
(196, 109, 14, 2, '2000', '4000'),
(197, 109, 2, 2, '120000', '240000'),
(198, 110, 30, 1, '60000', '60000'),
(199, 110, 14, 45, '2000', '90000'),
(200, 110, 2, 1, '120000', '120000'),
(209, 119, 44, 1, '2000000', '2000000'),
(210, 120, 23, 1, '20000', '20000'),
(211, 121, 44, 1, '2000000', '2000000'),
(212, 122, 44, 1, '2000000', '2000000');

-- --------------------------------------------------------

--
-- Table structure for table `pj_penjualan_master`
--

DROP TABLE IF EXISTS `pj_penjualan_master`;
CREATE TABLE IF NOT EXISTS `pj_penjualan_master` (
  `id_penjualan_m` int(1) UNSIGNED NOT NULL AUTO_INCREMENT,
  `nomor_nota` varchar(40) NOT NULL,
  `tanggal` datetime NOT NULL,
  `grand_total` decimal(10,0) NOT NULL,
  `bayar` decimal(10,0) NOT NULL,
  `keterangan_lain` text,
  `id_pelanggan` mediumint(1) UNSIGNED DEFAULT NULL,
  `id_user` mediumint(1) UNSIGNED NOT NULL,
  `status_kredit` varchar(5) DEFAULT 'tidak',
  PRIMARY KEY (`id_penjualan_m`)
) ENGINE=MyISAM AUTO_INCREMENT=123 DEFAULT CHARSET=latin1;

--
-- Dumping data for table `pj_penjualan_master`
--

INSERT INTO `pj_penjualan_master` (`id_penjualan_m`, `nomor_nota`, `tanggal`, `grand_total`, `bayar`, `keterangan_lain`, `id_pelanggan`, `id_user`, `status_kredit`) VALUES
(2, '57431A97D5DF8', '2016-05-23 16:58:31', '155000', '160000', '', 3, 1, 'tidak'),
(3, '57431BDDAFA9D2', '2016-05-23 17:03:57', '350000', '400000', '', 3, 2, 'tidak'),
(4, '57445D46655AB1', '2016-05-24 15:55:18', '250000', '260000', '', NULL, 1, 'tidak'),
(6, '576406086CB611', '2016-06-17 16:15:36', '520000', '550000', '', NULL, 1, 'tidak'),
(7, '57655546C37441', '2016-06-18 16:05:58', '35000', '40000', '', NULL, 1, 'tidak'),
(8, '57655552ABF781', '2016-06-18 16:06:10', '350000', '400000', '', NULL, 1, 'tidak'),
(9, '577A31BABCDC51', '2016-07-04 11:51:54', '905000', '910000', '', NULL, 1, 'tidak'),
(10, '577A3327991DC1', '2016-07-04 11:57:59', '870000', '880000', 'Dibayar Langsung', NULL, 1, 'tidak'),
(11, '577A3793C67CB1', '2016-07-04 12:16:51', '750000', '750000', '', NULL, 1, 'tidak'),
(12, '57CA627F897FB1', '2016-09-03 07:41:19', '700000', '800000', '', NULL, 1, 'tidak'),
(15, '57CBD697806F61', '2016-09-04 10:08:55', '400000', '500000', '', NULL, 1, 'tidak'),
(16, '58EB7FCD15E271', '2017-04-10 20:51:25', '817000', '900000', '', NULL, 1, 'tidak'),
(17, '58EB93ABA77201', '2017-04-10 22:16:11', '100000', '200000', '', NULL, 1, 'tidak'),
(18, '58ED426471FD21', '2017-04-12 04:53:56', '17050000', '17050000', '', NULL, 1, 'tidak'),
(19, '58ED9D68023981', '2017-04-12 11:22:16', '800000', '10000000', '', NULL, 1, 'tidak'),
(20, '58EDAB92411EC8', '2017-04-12 12:22:42', '400000', '1000000', 'beli ayam bakar', 5, 8, 'tidak'),
(21, '58EDABE956F768', '2017-04-12 12:24:09', '120000', '1000000', 'beli spesial di tempat', NULL, 8, 'tidak'),
(22, '58EDE88B51C991', '2017-04-12 16:42:51', '420000', '500000', '', 9, 1, 'tidak'),
(23, '58EE4AFD619BD2', '2017-04-12 23:42:53', '100000', '100000', '', NULL, 2, 'tidak'),
(24, '58EE68BB6F2562', '2017-04-13 01:49:47', '900000', '1000000', '', NULL, 2, 'tidak'),
(25, '58EE698BD8FCC2', '2017-04-13 01:53:15', '380000', '400000', '', 13, 2, 'tidak'),
(26, '58EE6DF5BB9EA2', '2017-04-13 02:12:05', '582000', '582001', '', NULL, 2, 'tidak'),
(27, '58EED4C33F6252', '2017-04-13 09:30:43', '2350000', '2500000', '', NULL, 2, 'tidak'),
(28, '58EED7DF334492', '2017-04-13 09:43:59', '1070000', '1500000', '', 5, 2, 'tidak'),
(29, '58EEDDE9ADFD72', '2017-04-13 10:09:45', '150000', '150000', '', NULL, 2, 'tidak'),
(30, '58EF24C5E22872', '2017-04-13 15:12:05', '800000', '800000', '', NULL, 2, 'tidak'),
(31, '58EF33969F6A22', '2017-04-13 16:15:18', '360000', '500000', '', NULL, 2, 'tidak'),
(32, '58EF9613A815D2', '2017-04-13 23:15:31', '492000', '500000', '', NULL, 2, 'tidak'),
(33, '58EFB123C24F22', '2017-04-14 01:10:59', '122000', '130000', '', NULL, 2, 'tidak'),
(34, '58F01111E5B812', '2017-04-14 08:00:17', '600000', '700000', '', NULL, 2, 'tidak'),
(35, '58F0661936B0F2', '2017-04-14 14:03:05', '20000', '20000', '', NULL, 2, 'tidak'),
(36, '58F06E64988DE2', '2017-04-14 14:38:28', '340000', '350000', '', 11, 2, 'tidak'),
(37, '58F075D0363562', '2017-04-14 15:10:08', '3000000', '3100000', '', 13, 2, 'tidak'),
(38, '58F075EF2AC602', '2017-04-14 15:10:39', '472000', '9870000', 'ffaaf', NULL, 2, 'tidak'),
(39, '58F07754DF2E72', '2017-04-14 15:16:36', '385000', '700000', '', NULL, 2, 'tidak'),
(40, '58F07A53C32D32', '2017-04-14 15:29:23', '350000', '400000', '', NULL, 2, 'tidak'),
(41, '58F07A784C06F2', '2017-04-14 15:30:00', '35000', '100000', '', NULL, 2, 'tidak'),
(42, '58F07AABCD2E42', '2017-04-14 15:30:51', '55000', '100000', 'Ini hanya sekedar pengujian', 8, 2, 'tidak'),
(43, '58F07DCF9B7402', '2017-04-14 15:44:15', '1835000', '11111111', '', NULL, 2, 'tidak'),
(44, '58F08F58ECA2C2', '2017-04-14 16:59:04', '1203000', '1250000', '', NULL, 2, 'tidak'),
(45, '58F0900C7966A2', '2017-04-14 17:02:04', '126000', '150000', '', NULL, 2, 'tidak'),
(46, '58F091BF6957C2', '2017-04-14 17:09:19', '20000', '50000', '', NULL, 2, 'tidak'),
(47, '58F091D56428A2', '2017-04-14 17:09:41', '120000', '150000', '', NULL, 2, 'tidak'),
(48, '58F099D61BD3A2', '2017-04-14 17:43:50', '20000', '50000', '', NULL, 2, 'tidak'),
(49, '58F099B3298162', '2017-04-14 17:43:15', '1090000', '1100000', '', NULL, 2, 'tidak'),
(50, '58F0A7A2E2AFF2', '2017-04-14 18:42:42', '1053000', '1500000', '', NULL, 2, 'tidak'),
(51, '58F0AB7DAC0012', '2017-04-14 18:59:09', '143000', '150000', '', 13, 2, 'tidak'),
(52, '58F0ABBBB97ED2', '2017-04-14 19:00:11', '148000', '200000', '', NULL, 2, 'tidak'),
(53, '58F0BD3F6F4F72', '2017-04-14 20:14:55', '120000', '130000', '', NULL, 2, 'tidak'),
(54, '58F0DA6593A902', '2017-04-14 22:19:17', '58000', '100000', 'Ngutang ibuk ini.', NULL, 2, 'tidak'),
(55, '58F0DABD8DA9F2', '2017-04-14 22:20:45', '557000', '600000', '', 24, 2, 'tidak'),
(56, '58FF378A29E375', '2017-04-25 19:48:26', '1740000', '6000000', '', NULL, 5, 'tidak'),
(57, '59015902E705B5', '2017-04-27 10:35:46', '62000', '100000', '', NULL, 5, 'tidak'),
(58, '590A7CACD3E849', '2017-05-04 07:58:20', '1040000', '20000000', '', NULL, 9, 'tidak'),
(59, '590BF770117669', '2017-05-05 10:54:24', '1040000', '2000000', '', NULL, 9, 'tidak'),
(60, '591172AD3F59E9', '2017-05-09 14:41:33', '1930000', '2000000', '', NULL, 9, 'tidak'),
(61, '5911737C227D79', '2017-05-09 14:45:00', '1220000', '1250000', '', NULL, 9, 'tidak'),
(62, '591176A3E43732', '2017-05-09 14:58:27', '1200000', '1200000', '', NULL, 2, 'tidak'),
(63, '591945FCE24A62', '2017-05-15 13:09:00', '1230000', '2000000', '', 17, 2, 'tidak'),
(64, '591DA0586D2AC2', '2017-05-18 20:23:36', '20000', '50000', 'barang yang sudah dibeli tidak bisa dikembalikan', NULL, 2, 'tidak'),
(65, '59226550726372', '2017-05-22 11:13:04', '80000', '80000', '', NULL, 2, 'tidak'),
(66, '592268D5221952', '2017-05-22 11:28:05', '550000', '600000', '', NULL, 2, 'tidak'),
(67, '5922693DECFCB2', '2017-05-22 11:29:49', '840000', '1000000', '', NULL, 2, 'tidak'),
(68, '59226A979E3AE2', '2017-05-22 11:35:35', '1410000', '1500000', 'vbncvbcvbvcbv', NULL, 2, 'tidak'),
(69, '59226EF53FFF92', '2017-05-22 11:54:13', '20000', '25000', '', NULL, 2, 'tidak'),
(70, '59292C72C13C62', '2017-05-27 14:36:18', '60000', '100000', '', NULL, 2, 'tidak'),
(71, '593391AE605A89', '2017-06-04 11:50:54', '1400000', '1500000', '', 17, 9, 'tidak'),
(72, '5939A80EA65629', '2017-06-09 02:39:58', '120000', '120000', '', 10, 9, 'tidak'),
(73, '595DD662823CA2', '2017-07-06 13:19:14', '350000', '400000', '', NULL, 2, 'tidak'),
(74, '5964486E01E822', '2017-07-11 10:39:26', '120000', '150000', '', 18, 2, 'tidak'),
(75, '596877C27D2282', '2017-07-14 14:50:26', '60000', '70000', '', NULL, 2, 'tidak'),
(76, '596B34DAB08822', '2017-07-16 16:41:46', '100000', '2000000', '', NULL, 2, 'tidak'),
(77, '596C1AD3AB4A52', '2017-07-17 09:02:59', '20000', '30000', 'test', NULL, 2, 'tidak'),
(78, '596DFF9BA5BDB2', '2017-07-18 19:31:23', '180000', '200000', '', NULL, 2, 'tidak'),
(79, '5970AA30D6FED2', '2017-07-20 20:03:44', '3140000', '3500000', '', NULL, 2, 'tidak'),
(80, '5976B18D5F71A2', '2017-07-25 09:48:45', '1160000', '1200000', '', NULL, 2, 'tidak'),
(81, '597810EB209E32', '2017-07-26 10:47:55', '40000', '50000', '', NULL, 2, 'tidak'),
(82, '5984294BA02815', '2017-08-04 14:59:07', '30000', '100000000', '', NULL, 5, 'tidak'),
(83, '5986566A074B32', '2017-08-06 06:36:10', '20000', '30000', '', NULL, 2, 'tidak'),
(84, '598807DD0D9DF5', '2017-08-07 13:25:33', '120000', '200000', '', NULL, 5, 'tidak'),
(85, '5989EB91A83022', '2017-08-08 23:49:21', '50000', '100000', '', NULL, 2, 'tidak'),
(86, '598DB9CB16AC95', '2017-08-11 21:06:03', '60000', '70000', '', NULL, 5, 'tidak'),
(87, '5990398BD310A2', '2017-08-13 18:35:39', '20000', '100000', 'catatanku ini', NULL, 2, 'tidak'),
(88, '59903A5C8E59C2', '2017-08-13 18:39:08', '60000', '100000', 'iki catatan', NULL, 2, 'tidak'),
(89, '59956681D996A2', '2017-08-17 16:48:49', '100000', '100000', '', NULL, 2, 'tidak'),
(90, '599627410650B2', '2017-08-18 06:31:13', '60000', '100000', '', NULL, 2, 'tidak'),
(91, '5996A2F5753572', '2017-08-18 15:19:01', '60000', '70000', '', 16, 2, 'tidak'),
(92, '599836838CF782', '2017-08-19 20:00:51', '182000', '200000', '', NULL, 2, 'tidak'),
(93, '5999D0F3BF4269', '2017-08-21 01:12:03', '60000', '60000', '', NULL, 9, 'tidak'),
(94, '599D7891D4E032', '2017-08-23 19:44:01', '62000', '100000', '', NULL, 2, 'tidak'),
(95, '599E824ABAE5A2', '2017-08-24 14:37:46', '140000', '200000', '', NULL, 2, 'tidak'),
(96, '59A02D5122B212', '2017-08-25 20:59:45', '2000', '1220000', '', NULL, 2, 'tidak'),
(97, '59A1EEE572E002', '2017-08-27 04:57:57', '1162000', '2000000000', '', NULL, 2, 'tidak'),
(98, '59A243723293C2', '2017-08-27 10:58:42', '122000', '200000', '', NULL, 2, 'tidak'),
(99, '59A2E4CF518212', '2017-08-27 22:27:11', '2000', '20010', 'test', NULL, 2, 'tidak'),
(100, '59A2E56471D439', '2017-08-27 22:29:40', '19660', '50000', '', NULL, 9, 'tidak'),
(101, '59AB4ECE50F4F2', '2017-09-03 07:37:34', '1800000', '2000000', '', 7, 2, 'tidak'),
(102, '59AD641B2B2E42', '2017-09-04 21:32:59', '184000', '200000', '-', NULL, 2, 'tidak'),
(103, '59AD6764C90EA2', '2017-09-04 21:47:00', '180000', '200000', '', 12, 2, 'tidak'),
(104, '59AF9F023500C2', '2017-09-06 14:08:50', '102000', '110000', 'ghjjhjghjghjkhjk', 12, 2, 'tidak'),
(105, '59B2006CD4DA42', '2017-09-08 09:29:00', '136000', '150000', '', NULL, 2, 'tidak'),
(106, '59B2CB8644E7E2', '2017-09-08 23:55:34', '2000', '77686868', '', NULL, 2, 'tidak'),
(108, '59B3DDD03AAFC2', '2017-09-09 19:25:52', '122000', '125000', '', 10, 2, 'tidak'),
(109, '59B7589DA266F2', '2017-09-12 10:46:37', '244000', '300000', '', NULL, 2, 'tidak'),
(110, '59B75CD0E593E2', '2017-09-12 11:04:32', '270000', '1000000', '', NULL, 2, 'tidak'),
(122, '59C23A79C00C89', '2017-09-20 16:52:57', '2000000', '2000000', 'Kredit', 7, 9, 'ya'),
(121, '59C235297DD4E9', '2017-09-20 16:30:17', '2000000', '2000000', 'Kredit', 31, 9, 'ya');

-- --------------------------------------------------------

--
-- Table structure for table `pj_user`
--

DROP TABLE IF EXISTS `pj_user`;
CREATE TABLE IF NOT EXISTS `pj_user` (
  `id_user` mediumint(1) UNSIGNED NOT NULL AUTO_INCREMENT,
  `username` varchar(40) NOT NULL,
  `password` varchar(60) NOT NULL,
  `nama` varchar(50) NOT NULL,
  `id_akses` tinyint(1) UNSIGNED NOT NULL,
  `status` enum('Aktif','Non Aktif') NOT NULL,
  `dihapus` enum('tidak','ya') NOT NULL,
  PRIMARY KEY (`id_user`)
) ENGINE=MyISAM AUTO_INCREMENT=14 DEFAULT CHARSET=latin1;

--
-- Dumping data for table `pj_user`
--

INSERT INTO `pj_user` (`id_user`, `username`, `password`, `nama`, `id_akses`, `status`, `dihapus`) VALUES
(1, 'admin', 'd033e22ae348aeb5660fc2140aec35850c4da997', 'admin', 1, 'Aktif', 'tidak'),
(2, 'kasir', '8691e4fc53b99da544ce86e22acba62d13352eff', 'Centini', 2, 'Aktif', 'tidak'),
(3, 'kasir2', '08dfc5f04f9704943a423ea5732b98d3567cbd49', 'Kasir Dua', 2, 'Aktif', 'ya'),
(4, 'jaka', '2ec22095503fe843326e7c19dd2ab98716b63e4d', 'Jaka Sembung', 3, 'Aktif', 'tidak'),
(5, 'jaka', '2ec22095503fe843326e7c19dd2ab98716b63e4d', 'Jaka Sembung', 1, 'Aktif', 'ya'),
(6, 'joko', '97c358728f7f947c9a279ba9be88308395c7cc3a', 'Joko Haji', 4, 'Aktif', 'tidak'),
(7, 'amir', '1dd89e5367785ba89076cd264daac0464fdf0d7b', 'amir', 3, 'Aktif', 'ya'),
(8, 'kasir2', '08dfc5f04f9704943a423ea5732b98d3567cbd49', 'kasir luffi', 2, 'Aktif', 'tidak'),
(9, 'joko', '97c358728f7f947c9a279ba9be88308395c7cc3a', 'joko', 1, 'Aktif', 'tidak'),
(10, 'Test', 'a94a8fe5ccb19ba61c4c0873d391e987982fbbd3', 'Test', 2, 'Aktif', 'tidak'),
(11, 'heru', '2ed1ca789fc3d1db2fb1b65a8906f483a7dc739a', 'heruandika', 2, 'Aktif', 'tidak'),
(12, 'jos', '30446d562301c34308155183a2f0ff23652fa4d7', 'jos', 3, 'Aktif', 'tidak'),
(13, 'aku', '22220c18caede9806cb42c8e2b41136d711673bf', 'aku', 3, 'Aktif', 'ya');

-- --------------------------------------------------------

--
-- Table structure for table `service`
--

DROP TABLE IF EXISTS `service`;
CREATE TABLE IF NOT EXISTS `service` (
  `id_service` int(11) NOT NULL AUTO_INCREMENT,
  `nama_service` varchar(100) DEFAULT NULL,
  `harga_service` varchar(100) DEFAULT NULL,
  `nama_konsumen` varchar(100) DEFAULT NULL,
  `no_hp_konsumen` varchar(20) DEFAULT NULL,
  `id_user` int(10) DEFAULT NULL,
  `tgl_service` datetime DEFAULT NULL,
  `dihapus` varchar(10) DEFAULT NULL,
  PRIMARY KEY (`id_service`)
) ENGINE=MyISAM AUTO_INCREMENT=2 DEFAULT CHARSET=latin1;

--
-- Dumping data for table `service`
--

INSERT INTO `service` (`id_service`, `nama_service`, `harga_service`, `nama_konsumen`, `no_hp_konsumen`, `id_user`, `tgl_service`, `dihapus`) VALUES
(1, 'Instalasi OS Windows 10', '100000', 'Anwar', '081277855601', 1, '2018-04-24 14:40:25', 'tidak');

-- --------------------------------------------------------

--
-- Table structure for table `supplier`
--

DROP TABLE IF EXISTS `supplier`;
CREATE TABLE IF NOT EXISTS `supplier` (
  `id_supplier` int(11) NOT NULL AUTO_INCREMENT,
  `nama` varchar(50) DEFAULT NULL,
  `alamat` text,
  `notlp` varchar(20) DEFAULT NULL,
  PRIMARY KEY (`id_supplier`)
) ENGINE=InnoDB AUTO_INCREMENT=3 DEFAULT CHARSET=latin1;

--
-- Dumping data for table `supplier`
--

INSERT INTO `supplier` (`id_supplier`, `nama`, `alamat`, `notlp`) VALUES
(1, 'Toko Jaya', 'Telanaipura, Jambi', '074137575'),
(2, 'Toko Abadi', 'Talang Bakung, Jambi', '0741-46344');

-- --------------------------------------------------------

--
-- Table structure for table `validated`
--

DROP TABLE IF EXISTS `validated`;
CREATE TABLE IF NOT EXISTS `validated` (
  `id` int(11) NOT NULL AUTO_INCREMENT,
  `expried` text,
  PRIMARY KEY (`id`)
) ENGINE=InnoDB AUTO_INCREMENT=2 DEFAULT CHARSET=latin1;

--
-- Dumping data for table `validated`
--

INSERT INTO `validated` (`id`, `expried`) VALUES
(1, 'MjAxOS0xMC0xMA==');
COMMIT;

/*!40101 SET CHARACTER_SET_CLIENT=@OLD_CHARACTER_SET_CLIENT */;
/*!40101 SET CHARACTER_SET_RESULTS=@OLD_CHARACTER_SET_RESULTS */;
/*!40101 SET COLLATION_CONNECTION=@OLD_COLLATION_CONNECTION */;
